text,label
"NASA's James Webb Space Telescope has captured stunning new images of the Pillars of Creation, showing a level of detail never seen before in the star-forming region. Astronomers are excited about the new data.","sci.space"
"Recent clinical trials for the new cancer vaccine have shown promising results in stimulating the immune system. Doctors believe this could be a breakthrough in personalized medicine.","sci.med"
"The automotive industry is rapidly shifting towards electric vehicles as battery technology improves and charging infrastructure expands across the globe. Several major manufacturers have announced all-electric lineups.","rec.autos"
"Digital artists are using advanced ray tracing techniques and AI-powered upscaling to create more realistic 3D environments for movies and video games. GPU performance is key to these workflows.","comp.graphics"
"The government has proposed new policies to address economic inflation and trade relations. Politicians from both sides are debating the implications for the national budget and international cooperation.","talk.politics.misc"
"A new mission to Mars is being planned for 2028, focusing on soil sample collection and testing life-support systems for future human colonies. The rocket launch is scheduled for next summer.","sci.space"
"Medical researchers found that a diet rich in antioxidants may help reduce the risk of certain chronic diseases. The long-term study followed thousands of participants over a decade.","sci.med"
"Self-driving car technology is advancing quickly, with several companies testing autonomous taxi services in major cities. Safety concerns and regulatory hurdles remain a topic of intense discussion.","rec.autos"
"New rendering algorithms allow for real-time global illumination in complex scenes, significantly improving the visual quality of architectural visualizations and virtual reality experiences.","comp.graphics"
"The upcoming election is expected to focus on healthcare reform, education funding, and climate change legislation. Campaign rallies are drawing large crowds across the country.","talk.politics.misc"
"SpaceX is preparing for another Starship test flight, aiming to demonstrate orbital capabilities and heat shield integrity during reentry. This is a critical step for the Artemis moon landing program.","sci.space"
"New research suggests that a specific type of gut bacteria may play a role in regulating mental health and mood. This gut-brain axis discovery could lead to new treatments for anxiety.","sci.med"
"Classic car restoration is becoming a popular hobby, with enthusiasts using modern 3D printing to replicate rare parts that are no longer manufactured by original factories.","rec.autos"
"The latest graphics cards feature dedicated hardware for real-time ray tracing and AI-based frame generation, allowing for incredibly smooth and detailed rendering in high-end workstations.","comp.graphics"
"Diplomatic tensions have risen following a dispute over maritime borders and resource rights. International mediators are calling for a peaceful resolution through dialogue and treaty negotiations.","talk.politics.misc"
"Astronomers have detected a rare fast radio burst originating from a distant galaxy, providing clues about the distribution of matter in the intergalactic medium and the nature of high-energy cosmic events.","sci.space"
"Advances in CRISPR gene-editing technology are opening new possibilities for treating genetic disorders that were previously considered incurable. Ethical considerations remain a key part of the debate.","sci.med"
"Formula 1 teams are investing heavily in sustainable fuels and aerodynamic innovations to reduce their carbon footprint while maintaining record-breaking racing speeds on the track.","rec.autos"
"Virtual reality headsets are becoming more affordable, enabling more users to experience immersive 3D environments for education, gaming, and professional training simulations.","comp.graphics"
"The national debate over tax reform continues as economic advisors present competing models for balancing the budget while encouraging long-term industrial growth and investment.","talk.politics.misc"
"Blue Origin is developing its New Glenn rocket to compete in the heavy-lift market, with a reusable first stage designed for 25 missions. This will lower the cost of reaching low Earth orbit.","sci.space"
"The World Health Organization has released new guidelines for managing hypertension in adults, emphasizing the role of lifestyle changes and early intervention to prevent heart disease.","sci.med"
"Electric car sharing programs are expanding in urban centers, offering a convenient alternative to private vehicle ownership and reducing city-wide carbon emissions and traffic congestion.","rec.autos"
"Motion capture technology is being integrated into consumer-grade cameras, allowing indie game developers to create high-quality animations without expensive studio equipment.","comp.graphics"
"Internal political reforms are being pushed by grassroots movements seeking more transparency and accountability in local government spending and policy implementation.","talk.politics.misc"
"A team of explorers discovered a deep-sea hydrothermal vent system that hosts unique life forms. This discovery helps researchers understand how life might exist on icy moons in the outer solar system.","sci.space"
"Nanotechnology is being used to develop more targeted drug delivery systems, allowing medications to be released directly at the site of infection or tumor, minimizing side effects.","sci.med"
"Autonomous trucking companies are conducting long-haul tests on highways, aiming to improve logistics efficiency and address the shortage of human drivers in the shipping industry.","rec.autos"
"The use of neural radiance fields (NeRF) is revolutionizing how 3D models are generated from 2D photos, enabling near-perfect digital reconstructions of real-world objects.","comp.graphics"
"Trade unions are negotiating for better wages and working conditions in the manufacturing sector, citing increased inflation and the need for fair compensation in a changing economy.","talk.politics.misc"
